ky_thi,mon,ma_ky,link_pdf,ghi_chu
R08上,理論,r8-1,,
R08上,電力,r8-1,,
R08上,機械,r8-1,,
R08上,法規,r8-1,,
R07下,理論,r7-2,,
R07下,電力,r7-2,,
R07下,機械,r7-2,,
R07下,法規,r7-2,,
R07上,理論,r7-1,,
R07上,電力,r7-1,,
R07上,機械,r7-1,,
R07上,法規,r7-1,,
R06下,理論,r6-2,,
R06下,電力,r6-2,,
R06下,機械,r6-2,,
R06下,法規,r6-2,,
R06上,理論,r6-1,,
R06上,電力,r6-1,,
R06上,機械,r6-1,,
R06上,法規,r6-1,,
R05下,理論,r5-2,,
R05下,電力,r5-2,,
R05下,機械,r5-2,,
R05下,法規,r5-2,,
R05上,理論,r5-1,,
R05上,電力,r5-1,,
R05上,機械,r5-1,,
R05上,法規,r5-1,,
R4下,理論,r4-2,,
R4下,電力,r4-2,,
R4下,機械,r4-2,,
R4下,法規,r4-2,,
R4上,理論,r4-1,,
R4上,電力,r4-1,,
R4上,機械,r4-1,,
R4上,法規,r4-1,,
R3,理論,r3,,
R3,電力,r3,,
R3,機械,r3,,
R3,法規,r3,,
R2,理論,r2,,
R2,電力,r2,,
R2,機械,r2,,
R2,法規,r2,,
R01,理論,r1,,
R01,電力,r1,,
R01,機械,r1,,
R01,法規,r1,,
H30,理論,h30,,
H30,電力,h30,,
H30,機械,h30,,
H30,法規,h30,,
H29,理論,h29,,
H29,電力,h29,,
H29,機械,h29,,
H29,法規,h29,,
H28,理論,h28,,
H28,電力,h28,,
H28,機械,h28,,
H28,法規,h28,,
H27,理論,h27,,
H27,電力,h27,,
H27,機械,h27,,
H27,法規,h27,,
H26,理論,h26,,
H26,電力,h26,,
H26,機械,h26,,
H26,法規,h26,,
H25,理論,h25,,
H25,電力,h25,,
H25,機械,h25,,
H25,法規,h25,,
H24,理論,h24,,
H24,電力,h24,,
H24,機械,h24,,
H24,法規,h24,,
H23,理論,h23,,
H23,電力,h23,,
H23,機械,h23,,
H23,法規,h23,,
H22,理論,h22,,
H22,電力,h22,,
H22,機械,h22,,
H22,法規,h22,,
H21,理論,h21,,
H21,電力,h21,,
H21,機械,h21,,
H21,法規,h21,,
H20,理論,h20,,
H20,電力,h20,,
H20,機械,h20,,
H20,法規,h20,,
H19,理論,h19,,
H19,電力,h19,,
H19,機械,h19,,
H19,法規,h19,,
H18,理論,h18,,
H18,電力,h18,,
H18,機械,h18,,
H18,法規,h18,,
